constituency,ons_id,remain_pct_2017,Best for Britain,Best for Britain alignment,DontSplit main,DontSplit main alignment,Essex Against The Tories,Essex Against The Tories alignment,Jon Worth,Jon Worth alignment,People's Vote,People's Vote alignment,People's Vote (early indication),People's Vote (early indication) alignment,Remain United,Remain United alignment,tactical.vote,tactical.vote alignment,tacticalvote.co.uk,tacticalvote.co.uk alignment
aberavon,W07000049,0.7641878081038835,lab,5,lab,5,,,,,lab,5,,,lab,5,lab,5,lab,5
aberconwy,W07000058,0.554059097978227,lab,4,,,,,,,lab,4,,,lab,4,lab,4,lab,4
aberdeen-north,S14000001,0.7588758603803356,,,snp,2,,,,,,,,,snp,2,snp,2,,
aberdeen-south,S14000002,0.5786752972377679,,,snp,3,,,,,,,,,snp,3,snp,3,snp,3
airdrie-and-shotts,S14000003,0.7680911530972054,,,,,,,,,,,,,,,snp,0,,
aldershot,E14000530,0.4127477017364658,ld,-3,,,,,,,lab,1,,,lab,1,lab,1,,
aldridge-brownhills,E14000531,0.33187523300608923,lab,4,,,,,,,lab,4,,,lab,4,lab,4,lab,4
altrincham-and-sale-west,E14000532,0.4652017427543095,ld,-1,,,,,ld,-1,,,,,lab,-1,lab,-1,,
alyn-and-deeside,W07000043,0.5711126005361931,lab,4,,,,,,,lab,4,,,lab,4,lab,4,lab,4
amber-valley,E14000533,0.4083080482853463,lab,5,lab,5,,,,,lab,5,,,lab,5,lab,5,lab,5
angus,S14000004,0.5484673566878981,,,snp,3,,,,,,,,,snp,3,snp,3,snp,3
arfon,W07000057,0.8364293817356778,plaid,1,,,,,,,plaid,1,,,,,,,,
argyll-and-bute,S14000005,0.6676444278017016,,,snp,3,,,,,,,,,snp,3,snp,3,snp,3
arundel-and-south-downs,E14000534,0.3487619490175252,ld,1,,,,,,,ld,1,,,ld,1,lab,-3,,
ashfield,E14000535,0.4257596063448883,lab,6,lab,6,,,lab,6,lab,6,,,lab,6,lab,6,lab,6
ashford,E14000536,0.3731358239115549,lab,4,,,,,,,lab,4,,,lab,4,lab,4,lab,4
ashton-under-lyne,E14000537,0.6035501470847057,lab,5,lab,5,,,,,lab,5,,,lab,5,lab,5,lab,5
aylesbury,E14000538,0.41770579929571466,ld,-2,,,,,,,,,,,lab,0,lab,0,,
ayr-carrick-and-cumnock,S14000006,0.5798104798580763,,,snp,3,,,,,,,,,snp,3,snp,3,snp,3
banbury,E14000539,0.3970143919950619,lab,4,,,,,,,lab,4,,,lab,4,lab,4,lab,4
banff-and-buchan,S14000007,0.5203035324064068,,,snp,3,,,,,,,,,snp,3,snp,3,snp,3
barking,E14000540,0.6778455923991694,lab,4,,,,,,,lab,4,,,lab,4,lab,4,lab,4
barnsley-central,E14000541,0.639138332437895,lab,5,lab,5,,,,,lab,5,,,lab,5,lab,5,lab,5
barnsley-east,E14000542,0.5954483029232882,lab,5,lab,5,,,,,lab,5,,,lab,5,lab,5,lab,5
barrow-and-furness,E14000543,0.5015759613364151,lab,4,,,,,,,lab,4,,,lab,4,lab,4,lab,4
basildon-and-billericay,E14000544,0.345718865488223,lab,5,,,lab,5,,,lab,5,,,lab,5,lab,5,lab,5
basingstoke,E14000545,0.4190493209435311,ld,-3,,,,,,,lab,1,,,lab,1,lab,1,,
bassetlaw,E14000546,0.5477703349282297,lab,5,lab,5,,,,,lab,5,,,lab,5,lab,5,lab,5
bath,E14000547,0.642175745719299,ld,5,ld,5,,,,,ld,5,,,ld,5,ld,5,ld,5
batley-and-spen,E14000548,0.5776868724432874,lab,5,lab,5,,,,,lab,5,,,lab,5,lab,5,lab,5
battersea,E14000549,0.5393040066838607,lab,4,,,,,,,lab,4,,,lab,4,lab,4,lab,4
beaconsfield,E14000550,0.3187691868351539,ind,2,,,,,ind,2,ind,2,,,,,,,,
beckenham,E14000551,0.4067015301181484,ld,-2,,,,,,,,,,,lab,0,lab,0,,
bedford,E14000552,0.547792904290429,lab,4,,,,,,,lab,4,,,lab,4,lab,4,lab,4
belfast-east,N06000001,0.38090463977617156,,,alliance,4,,,,,alliance,4,,,alliance,4,alliance,4,alliance,4
belfast-north,N06000002,0.5157610588645072,,,,,,,,,sf,3,,,sf,3,sf,3,sf,3
belfast-south,N06000003,0.6551424322159937,,,,,,,,,sdlp,2,,,,,sdlp,2,sdlp,2
belfast-west,N06000004,0.7375039992124628,,,,,,,,,,,,,sf,1,sf,1,,
bermondsey-and-old-southwark,E14000553,0.8432870251704516,,,,,,,,,lab,0,,,,,,,,
berwickshire-roxburgh-and-selkirk,S14000008,0.4612446769912349,,,snp,2,,,,,,,,,snp,2,snp,2,,
berwick-upon-tweed,E14000554,0.45674215862787826,ld,1,,,,,,,ld,1,,,ld,1,lab,-3,,
bethnal-green-and-bow,E14000555,0.7934308399498538,lab,4,,,,,,,lab,4,,,lab,4,lab,4,lab,4
beverley-and-holderness,E14000556,0.3822028110284338,lab,4,,,,,,,lab,4,,,lab,4,lab,4,lab,4
bexhill-and-battle,E14000557,0.3465832660747915,ld,0,,,,,,,,,,,ld,0,lab,-2,,
bexleyheath-and-crayford,E14000558,0.3815309035384718,lab,5,lab,5,,,,,lab,5,,,lab,5,lab,5,lab,5
birkenhead,E14000559,0.8157707899136569,lab,3,,,,,,,lab,3,,,lab,3,lab,3,,
birmingham-edgbaston,E14000560,0.5890121984774833,lab,4,,,,,,,lab,4,,,lab,4,lab,4,lab,4
birmingham-erdington,E14000561,0.5997528011392643,lab,5,lab,5,,,,,lab,5,,,lab,5,lab,5,lab,5
birmingham-hall-green,E14000562,0.8337322776652549,lab,4,,,,,,,lab,4,,,lab,4,lab,4,lab,4
birmingham-hodge-hill,E14000563,0.810578954175109,lab,4,,,,,,,lab,4,,,lab,4,lab,4,lab,4
birmingham-ladywood,E14000564,0.85510930350788,lab,4,,,,,,,lab,4,,,lab,4,lab,4,lab,4
birmingham-northfield,E14000565,0.5536890051411564,lab,5,lab,5,,,,,lab,5,,,lab,5,lab,5,lab,5
birmingham-perry-barr,E14000566,0.7056813810892142,lab,4,,,,,,,lab,4,,,lab,4,lab,4,lab,4
birmingham-selly-oak,E14000567,0.6630601204450343,lab,4,,,,,,,lab,4,,,lab,4,lab,4,lab,4
birmingham-yardley,E14000568,0.7501235899510135,lab,4,,,,,,,lab,4,,,lab,4,lab,4,lab,4
bishop-auckland,E14000569,0.5079365079365079,lab,6,lab,6,,,,,lab,6,lab,6,lab,6,lab,6,lab,6
blackburn,E14000570,0.6976323266336946,lab,4,,,,,,,lab,4,,,lab,4,lab,4,lab,4
blackley-and-broughton,E14000571,0.7044599007802957,lab,4,,,,,,,lab,4,,,lab,4,lab,4,lab,4
blackpool-north-and-cleveleys,E14000572,0.4446070183139464,lab,5,lab,5,,,,,lab,5,,,lab,5,lab,5,lab,5
blackpool-south,E14000573,0.5029897290647442,lab,5,lab,5,,,,,lab,5,,,lab,5,lab,5,lab,5
blaenau-gwent,W07000072,0.7925827569169961,lab,3,lab,3,,,,,lab,3,,,lab,3,,,,
blaydon,E14000574,0.6518800432576326,lab,4,,,,,,,lab,4,,,lab,4,lab,4,lab,4
blyth-valley,E14000575,0.6268533772652389,lab,5,lab,5,,,,,lab,5,,,lab,5,lab,5,lab,5
bognor-regis-and-littlehampton,E14000576,0.314184452406917,ld,-3,,,,,,,lab,1,,,lab,1,lab,1,,
bolsover,E14000577,0.5487005309658419,lab,5,lab,5,,,,,lab,5,,,lab,5,lab,5,lab,5
bolton-north-east,E14000578,0.5352898213930017,lab,5,lab,5,,,,,lab,5,,,lab,5,lab,5,lab,5
bolton-south-east,E14000579,0.6066677692980176,lab,4,,,,,,,lab,4,,,lab,4,lab,4,lab,4
bolton-west,E14000580,0.4898342931014221,lab,4,,,,,,,lab,4,,,lab,4,lab,4,lab,4
bootle,E14000581,0.8403396436525612,lab,4,,,,,,,lab,4,,,lab,4,lab,4,lab,4
boston-and-skegness,E14000582,0.2495160801324658,lab,3,,,,,,,,,,,lab,3,lab,3,lab,3
bosworth,E14000583,0.4140613872667711,ld,-1,,,,,,,ld,-1,,,lab,-1,lab,-1,,
bournemouth-east,E14000584,0.4460899255419803,lab,4,,,,,,,lab,4,,,lab,4,lab,4,lab,4
bournemouth-west,E14000585,0.45559125530815364,lab,4,,,,,,,lab,4,,,lab,4,lab,4,lab,4
bracknell,E14000586,0.3766549774565233,ld,-2,,,,,,,,,,,lab,0,lab,0,,
bradford-east,E14000587,0.6538731313839814,lab,4,,,,,,,lab,4,,,lab,4,lab,4,lab,4
bradford-south,E14000588,0.544812297498112,lab,5,lab,5,,,,,lab,5,,,lab,5,lab,5,lab,5
bradford-west,E14000589,0.6467228958003866,lab,4,,,,,,,lab,4,,,lab,4,lab,4,lab,4
braintree,E14000590,0.3191912242479838,lab,4,,,,,,,lab,4,,,lab,4,lab,4,lab,4
brecon-and-radnorshire,W07000068,0.5002419315817488,ld,4,,,,,,,ld,4,,,ld,4,ld,4,ld,4
brent-central,E14000591,0.7787784916628422,lab,4,,,,,,,lab,4,,,lab,4,lab,4,lab,4
brentford-and-isleworth,E14000593,0.6238459166950624,lab,4,,,,,,,lab,4,,,lab,4,lab,4,lab,4
brent-north,E14000592,0.6574658068173767,lab,4,,,,,,,lab,4,,,lab,4,lab,4,lab,4
brentwood-and-ongar,E14000594,0.287941787941788,ld,2,,,ld,2,,,,,,,ld,2,,,,
bridgend,W07000073,0.5690671598659114,lab,5,lab,5,,,,,lab,5,,,lab,5,lab,5,lab,5
bridgwater-and-west-somerset,E14000595,0.39464877203219656,ld,-2,,,,,,,,,,,lab,0,lab,0,,
brigg-and-goole,E14000596,0.3297156934549571,lab,4,,,,,,,lab,4,,,lab,4,lab,4,lab,4
brighton-kemptown,E14000597,0.6129209258845285,lab,4,,,,,,,lab,4,,,lab,4,lab,4,lab,4
brighton-pavilion,E14000598,0.7904553885624145,green,3,,,,,,,green,3,,,,,green,3,green,3
bristol-east,E14000599,0.6564302446898561,lab,4,,,,,,,lab,4,,,lab,4,lab,4,lab,4
bristol-north-west,E14000600,0.5815032534753033,lab,4,,,,,,,lab,4,,,lab,4,lab,4,lab,4
bristol-south,E14000601,0.6604207274465816,lab,4,,,,,,,lab,4,,,lab,4,lab,4,lab,4
bristol-west,E14000602,0.8606580270360854,lab,3,,,,,,,lab,3,,,lab,3,,,lab,3
broadland,E14000603,0.3758910864554859,ld,-2,,,,,,,,,,,lab,0,lab,0,,
bromley-and-chislehurst,E14000604,0.43084308430843077,lab,4,,,,,,,lab,4,,,lab,4,lab,4,lab,4
bromsgrove,E14000605,0.3802183567727609,ld,-3,,,,,,,lab,1,,,lab,1,lab,1,,
broxbourne,E14000606,0.3201853216805306,lab,4,,,,,,,lab,4,,,lab,4,lab,4,lab,4
broxtowe,E14000607,0.49302803199538797,chuk,0,,,,,,,chuk,0,,,,,lab,-2,,
buckingham,E14000608,0.8138537178002619,ld,2,,,,,,,ld,2,,,ld,2,,,,
burnley,E14000609,0.6174733184413006,lab,4,,,,,,,lab,4,,,lab,4,lab,4,lab,4
burton,E14000610,0.4037386548055539,lab,5,lab,5,,,,,lab,5,,,lab,5,lab,5,lab,5
bury-north,E14000611,0.5361459616307956,lab,5,lab,5,,,,,lab,5,,,lab,5,lab,5,lab,5
bury-south,E14000612,0.5536379682290645,lab,4,lab,4,,,,,lab,4,,,lab,4,lab,4,,
bury-st-edmunds,E14000613,0.3943693693693695,green,-3,,,,,lab,1,,,,,lab,1,lab,1,,
caerphilly,W07000076,0.6889846720100734,lab,4,,,,,,,lab,4,,,lab,4,lab,4,lab,4
caithness-sutherland-and-easter-ross,S14000009,0.7737937283583055,,,,,,,,,,,,,,,ld,0,,
calder-valley,E14000614,0.4846005443208048,lab,4,,,,,,,lab,4,,,lab,4,lab,4,lab,4
camberwell-and-peckham,E14000615,0.8657597714763464,lab,4,,,,,,,lab,4,,,lab,4,lab,4,lab,4
camborne-and-redruth,E14000616,0.5253219415552253,lab,4,,,,,,,lab,4,,,lab,4,lab,4,lab,4
cambridge,E14000617,0.8343404726999679,,,,,,,,,lab,0,,,,,,,,
cannock-chase,E14000618,0.3744777740641711,lab,5,lab,5,,,,,lab,5,,,lab,5,lab,5,lab,5
canterbury,E14000619,0.553080985915493,lab,5,,,,,,,lab,5,lab,5,lab,5,lab,5,lab,5
cardiff-central,W07000050,0.7829910570515519,lab,4,,,,,,,lab,4,,,lab,4,lab,4,lab,4
cardiff-north,W07000051,0.5677021260236054,lab,4,,,,,,,lab,4,,,lab,4,lab,4,lab,4
cardiff-south-and-penarth,W07000080,0.6656811731315043,lab,4,,,,,,,lab,4,,,lab,4,lab,4,lab,4
cardiff-west,W07000079,0.6874906174269232,lab,4,,,,,,,lab,4,,,lab,4,lab,4,lab,4
carlisle,E14000620,0.4675074321813452,lab,4,,,,,,,lab,4,,,lab,4,lab,4,lab,4
carmarthen-east-and-dinefwr,W07000067,0.7133003485339638,plaid,4,plaid,4,,,,,plaid,4,,,plaid,4,plaid,4,,
carmarthen-west-and-south-pembrokeshire,W07000066,0.5103490740302183,lab,4,,,,,,,lab,4,,,lab,4,lab,4,lab,4
carshalton-and-wallington,E14000621,0.5946249482789195,ld,5,,,,,,,ld,5,ld,5,ld,5,ld,5,ld,5
castle-point,E14000622,0.27405502124804304,ld,-3,,,lab,1,,,lab,1,,,lab,1,,,,
central-ayrshire,S14000010,0.6561314791403288,,,snp,3,,,,,,,,,snp,3,snp,3,snp,3
central-devon,E14000623,0.41316299011133395,ld,1,,,,,,,ld,1,,,ld,1,lab,-3,,
central-suffolk-and-north-ipswich,E14000624,0.3697013657915222,ld,-2,,,,,,,,,,,lab,0,lab,0,,
ceredigion,W07000064,0.7835391153468956,plaid,1,,,,,,,plaid,1,,,,,,,,
charnwood,E14000625,0.3448782079164854,lab,3,,,,,,,,,,,lab,3,lab,3,lab,3
chatham-and-aylesford,E14000626,0.361884606816663,lab,5,lab,5,,,,,lab,5,,,lab,5,lab,5,lab,5
cheadle,E14000627,0.5541486476581396,ld,6,ld,6,,,,,ld,6,ld,6,ld,6,ld,6,ld,6
chelmsford,E14000628,0.41978543791769257,ld,2,,,ld,2,,,ld,2,,,ld,2,lab,-4,,
chelsea-and-fulham,E14000629,0.4419388530193695,ld,0,,,,,ld,0,ld,0,,,lab,-2,lab,-2,,
cheltenham,E14000630,0.5166280782993053,ld,5,ld,5,,,,,ld,5,,,ld,5,ld,5,ld,5
chesham-and-amersham,E14000631,0.3658329110258452,ld,3,ld,3,,,,,ld,3,,,ld,3,,,,
chesterfield,E14000632,0.6025413649925929,lab,4,,,,,,,lab,4,,,lab,4,lab,4,lab,4
chichester,E14000633,0.3697052638606095,ld,2,ld,2,,,,,ld,2,,,ld,2,lab,-4,,
chingford-and-woodford-green,E14000634,0.5086135303762697,lab,5,,,,,,,lab,5,lab,5,lab,5,lab,5,lab,5
chippenham,E14000635,0.4528001400070004,ld,5,ld,5,,,,,ld,5,,,ld,5,ld,5,ld,5
chipping-barnet,E14000636,0.5366725005863993,lab,4,,,,,,,lab,4,,,lab,4,lab,4,lab,4
chorley,E14000637,0.5728691088183484,,,lab,0,,,,,other,-2,,,lab,0,,,,
christchurch,E14000638,0.3042224592171267,ld,2,,,,,,,ld,2,,,ld,2,,,,
cities-of-london-and-westminster,E14000639,0.516065607699074,ld,0,,,,,ld,0,ld,0,,,lab,-2,lab,-2,,
city-of-chester,E14000640,0.5950621222594424,lab,4,,,,,,,lab,4,,,lab,4,lab,4,lab,4
city-of-durham,E14000641,0.6530709378362719,lab,4,,,,,,,lab,4,,,lab,4,lab,4,lab,4
clacton,E14000642,0.2738702004757051,lab,5,,,lab,5,,,lab,5,,,lab,5,lab,5,lab,5
cleethorpes,E14000643,0.3768706629880445,lab,4,,,,,,,lab,4,,,lab,4,lab,4,lab,4
clwyd-south,W07000062,0.5682606607247692,lab,5,lab,5,,,,,lab,5,,,lab,5,lab,5,lab,5
clwyd-west,W07000059,0.5193338908840458,lab,4,,,,,,,lab,4,,,lab,4,lab,4,lab,4
coatbridge-chryston-and-bellshill,S14000011,0.8375222024866785,,,,,,,,,,,,,,,,,,
colchester,E14000644,0.5224577458212718,ld,2,,,ld,2,,,ld,2,,,ld,2,lab,-4,,
colne-valley,E14000645,0.5182389937106918,lab,4,,,,,,,lab,4,,,lab,4,lab,4,lab,4
congleton,E14000646,0.3932528320677206,lab,4,,,,,,,lab,4,,,lab,4,lab,4,lab,4
copeland,E14000647,0.4838679618887879,lab,4,,,,,,,lab,4,,,lab,4,lab,4,lab,4
corby,E14000648,0.4731736586829341,lab,5,,,,,,,lab,5,lab,5,lab,5,lab,5,lab,5
coventry-north-east,E14000649,0.6591554141223015,lab,4,,,,,,,lab,4,,,lab,4,lab,4,lab,4
coventry-north-west,E14000650,0.5653072278280407,lab,5,lab,5,,,,,lab,5,,,lab,5,lab,5,lab,5
coventry-south,E14000651,0.5789742389755154,lab,4,,,,,,,lab,4,,,lab,4,lab,4,lab,4
crawley,E14000652,0.4942414417281642,lab,5,lab,5,,,,,lab,5,,,lab,5,lab,5,lab,5
crewe-and-nantwich,E14000653,0.4954295164192124,lab,5,lab,5,,,,,lab,5,,,lab,5,lab,5,lab,5
croydon-central,E14000654,0.5232523515089944,lab,4,,,,,,,lab,4,,,lab,4,lab,4,lab,4
croydon-north,E14000655,0.7693172098015867,lab,4,,,,,,,lab,4,,,lab,4,lab,4,lab,4
croydon-south,E14000656,0.41577289126140693,ld,-3,,,,,,,lab,1,,,lab,1,lab,1,,
cumbernauld-kilsyth-and-kirkintilloch-east,S14000012,0.8034585814340793,,,,,,,,,,,,,snp,1,snp,1,,
cynon-valley,W07000070,0.7477517137286963,lab,4,,,,,,,lab,4,,,lab,4,lab,4,lab,4
dagenham-and-rainham,E14000657,0.50079619571145,lab,5,lab,5,,,,,lab,5,,,lab,5,lab,5,lab,5
darlington,E14000658,0.5290849454448089,lab,5,lab,5,,,,,lab,5,,,lab,5,lab,5,lab,5
dartford,E14000659,0.3587341398642667,lab,4,,,,,,,lab,4,,,lab,4,lab,4,lab,4
daventry,E14000660,0.3187934534610064,ld,-2,,,,,,,,,,,lab,0,lab,0,,
delyn,W07000042,0.5856461515043888,lab,4,,,,,,,lab,4,,,lab,4,lab,4,lab,4
denton-and-reddish,E14000661,0.6569357812065962,lab,5,lab,5,,,,,lab,5,,,lab,5,lab,5,lab,5
derby-north,E14000662,0.5318047337278107,lab,4,,,,,,,lab,4,,,lab,4,lab,4,lab,4
derbyshire-dales,E14000664,0.39428294769119043,ld,-2,,,,,,,,,,,lab,0,lab,0,,
derby-south,E14000663,0.6104930914227698,lab,4,,,,,,,lab,4,,,lab,4,lab,4,lab,4
devizes,E14000665,0.3344336172988358,ld,2,,,,,,,ld,2,,,ld,2,,,,
dewsbury,E14000666,0.5310460695021664,lab,5,lab,5,,,,,lab,5,,,lab,5,lab,5,lab,5
doncaster-central,E14000668,0.6017106731126811,lab,5,lab,5,,,,,lab,5,,,lab,5,lab,5,lab,5
doncaster-north,E14000669,0.607652675363963,lab,5,lab,5,,,,,lab,5,,,lab,5,lab,5,lab,5
don-valley,E14000667,0.5295076976602592,ld,-3,,,,,,,,,,,lab,1,lab,1,lab,1
dover,E14000670,0.42547049994227,lab,4,,,,,,,lab,4,,,lab,4,lab,4,lab,4
dudley-north,E14000671,0.4649190439475713,lab,5,lab,5,,,,,lab,5,,,lab,5,lab,5,lab,5
dudley-south,E14000672,0.3623574939859847,lab,5,lab,5,,,,,lab,5,,,lab,5,lab,5,lab,5
dulwich-and-west-norwood,E14000673,0.8011506332044955,lab,4,,,,,,,lab,4,,,lab,4,lab,4,lab,4
dumfries-and-galloway,S14000013,0.5565417934456095,,,snp,2,,,,,,,,,snp,2,snp,2,,
dumfriesshire-clydesdale-and-tweeddale,S14000014,0.5062290662527571,,,snp,3,,,,,,,,,snp,3,snp,3,snp,3
dundee-east,S14000015,0.7263790532985465,,,,,,,,,,,,,snp,2,snp,2,snp,2
dundee-west,S14000016,0.8278046384155959,,,,,,,,,,,,,snp,0,,,,
dunfermline-and-west-fife,S14000017,0.7531268378749266,,,,,,,,,,,,,snp,1,snp,1,,
dwyfor-meirionnydd,W07000061,0.6885791485435614,plaid,4,,,,,,,plaid,4,,,plaid,4,plaid,4,plaid,4
ealing-central-and-acton,E14000674,0.6525243034223555,lab,4,,,,,,,lab,4,,,lab,4,lab,4,lab,4
ealing-north,E14000675,0.6837916063675832,lab,4,,,,,,,lab,4,,,lab,4,lab,4,lab,4
ealing-southall,E14000676,0.7675047070550449,lab,4,,,,,,,lab,4,,,lab,4,lab,4,lab,4
easington,E14000677,0.6366736332636674,lab,5,lab,5,,,,,lab,5,,,lab,5,lab,5,lab,5
east-antrim,N06000005,0.2826993157328999,,,,,,,,,,,,,alliance,1,alliance,1,,
eastbourne,E14000684,0.5502438174851968,ld,4,,,,,,,ld,4,,,ld,4,ld,4,ld,4
east-devon,E14000678,0.4901295087940115,ind-wright,4,,,,,ind-wright,4,ind-wright,4,,,,,ind-wright,4,ind-wright,4
east-dunbartonshire,S14000018,0.8539989575490821,,,,,,,,,,,,,,,,,,
east-ham,E14000679,0.8320943619444493,lab,4,,,,,,,lab,4,,,lab,4,lab,4,lab,4
east-hampshire,E14000680,0.3532702858792954,ld,3,ld,3,,,,,ld,3,,,ld,3,,,,
east-kilbride-strathaven-and-lesmahagow,S14000019,0.7350929725333631,,,,,,,,,,,,,snp,1,snp,1,,
eastleigh,E14000685,0.45677374301675977,ld,5,ld,5,,,,,ld,5,,,ld,5,ld,5,ld,5
east-londonderry,N06000006,0.43485254691688996,,,,,,,,,,,,,sf,1,sf,1,,
east-lothian,S14000020,0.6974301156090051,,,,,,,,,,,,,,,lab,0,,
east-renfrewshire,S14000021,0.5999851129554504,,,snp,3,,,,,,,,,snp,3,snp,3,snp,3
east-surrey,E14000681,0.2971639950678175,ld,2,,,,,,,ld,2,,,ld,2,,,,
east-worthing-and-shoreham,E14000682,0.4645970216691455,lab,4,,,,,,,lab,4,,,lab,4,lab,4,lab,4
east-yorkshire,E14000683,0.3441693231521981,ld,-2,,,,,,,,,,,lab,0,lab,0,,
eddisbury,E14000686,0.3907714491708724,ld,0,,,,,ld,0,ld,0,,,lab,-2,lab,-2,,
edinburgh-east,S14000022,0.8143280564299336,,,,,,,,,,,,,snp,1,snp,1,,
edinburgh-north-and-leith,S14000023,0.7279494978073277,,,snp,2,,,,,,,,,snp,2,snp,2,,
edinburgh-south,S14000024,0.8029264214046823,,,,,,,,,,,,,,,lab,0,,
edinburgh-south-west,S14000025,0.6663697104677062,,,snp,3,,,,,,,,,snp,3,snp,3,snp,3
edinburgh-west,S14000026,0.7785585756226916,,,,,,,,,,,,,,,ld,0,,
edmonton,E14000687,0.714799212418151,lab,4,,,,,,,lab,4,,,lab,4,lab,4,lab,4
ellesmere-port-and-neston,E14000688,0.591629203557196,lab,4,,,,,,,lab,4,,,lab,4,lab,4,lab,4
elmet-and-rothwell,E14000689,0.42244130193812773,ld,-3,,,,,lab,1,,,,,lab,1,lab,1,,
eltham,E14000690,0.5759939334849963,lab,4,,,,,,,lab,4,,,lab,4,lab,4,lab,4
enfield-north,E14000691,0.601523731082055,lab,4,lab,4,,,,,lab,4,,,lab,4,lab,4,,
enfield-southgate,E14000692,0.556902830657176,lab,5,,,,,,,lab,5,lab,5,lab,5,lab,5,lab,5
epping-forest,E14000693,0.3414009728431044,lab,2,,,ld,-4,,,,,,,lab,2,lab,2,lab,2
epsom-and-ewell,E14000694,0.40416090169743185,ld,2,ld,2,,,,,ld,2,,,ld,2,lab,-4,,
erewash,E14000695,0.4549526927944397,lab,5,lab,5,,,,,lab,5,,,lab,5,lab,5,lab,5
erith-and-thamesmead,E14000696,0.5754093198992443,lab,4,,,,,,,lab,4,,,lab,4,lab,4,lab,4
esher-and-walton,E14000697,0.3700912402660339,ld,3,ld,3,,,ld,3,ld,3,,,ld,3,lab,-5,,
exeter,E14000698,0.647709434711221,lab,4,,,,,,,lab,4,,,lab,4,lab,4,lab,4
falkirk,S14000028,0.7080785742162093,,,,,,,,,,,,,snp,1,snp,1,,
fareham,E14000699,0.34303855193461263,ld,0,,,,,,,,,,,ld,0,lab,-2,,
faversham-and-mid-kent,E14000700,0.3549217069689843,ld,-2,,,,,,,,,,,lab,0,lab,0,,
feltham-and-heston,E14000701,0.6383351877345503,lab,4,,,,,,,lab,4,,,lab,4,lab,4,lab,4
fermanagh-and-south-tyrone,N06000007,0.5201286438174305,,,,,,,,,,,,,sf,1,sf,1,,
filton-and-bradley-stoke,E14000702,0.5002366770541595,ld,-3,,,,,,,lab,1,,,lab,1,lab,1,,
finchley-and-golders-green,E14000703,0.5040565047246349,ld,1,,,,,ld,1,ld,1,,,,,lab,-3,,
folkestone-and-hythe,E14000704,0.3992526539278131,ld,-3,,,,,,,lab,1,,,lab,1,lab,1,,
forest-of-dean,E14000705,0.422354009310951,lab,4,,,,,,,lab,4,,,lab,4,lab,4,lab,4
foyle,N06000008,0.7906668117045578,,,,,,,,,sdlp,0,,,,,,,,
fylde,E14000706,0.4117545785180882,lab,5,lab,5,,,,,lab,5,,,lab,5,lab,5,lab,5
gainsborough,E14000707,0.38181818181818183,lab,4,,,,,,,lab,4,,,lab,4,lab,4,lab,4
garston-and-halewood,E14000708,0.8094241620268301,lab,4,,,,,,,lab,4,,,lab,4,lab,4,lab,4
gateshead,E14000709,0.6919934446476498,lab,5,lab,5,,,,,lab,5,,,lab,5,lab,5,lab,5
gedling,E14000710,0.5395495530358733,lab,6,lab,6,,,,,lab,6,lab,6,lab,6,lab,6,lab,6
gillingham-and-rainham,E14000711,0.3894777768682983,lab,5,lab,5,,,,,lab,5,,,lab,5,lab,5,lab,5
glasgow-central,S14000029,0.8606602934637616,,,snp,0,,,,,,,,,,,,,,
glasgow-east,S14000030,0.7734612619587458,,,,,,,,,,,,,,,snp,0,,
glasgow-north,S14000031,0.8525677411645206,,,snp,0,,,,,,,,,,,,,,
glasgow-north-east,S14000032,0.8707789142407552,,,,,,,,,,,,,,,,,,
glasgow-north-west,S14000033,0.819740500463392,,,,,,,,,,,,,snp,1,snp,1,,
glasgow-south,S14000034,0.8090684624017958,,,,,,,,,,,,,,,snp,0,,
glasgow-south-west,S14000035,0.8115778167222567,,,,,,,,,,,,,,,,,,
glenrothes,S14000036,0.8050446793237456,,,,,,,,,,,,,snp,1,snp,1,,
gloucester,E14000712,0.4513325072589743,lab,4,,,,,,,lab,4,,,lab,4,lab,4,lab,4
gordon,S14000037,0.5927912824811399,,,snp,3,,,,,,,,,snp,3,snp,3,snp,3
gosport,E14000713,0.3392817445079929,lab,3,,,,,,,,,,,lab,3,lab,3,lab,3
gower,W07000046,0.5557091451641214,lab,4,,,,,,,lab,4,,,lab,4,lab,4,lab,4
grantham-and-stamford,E14000714,0.3201102609863411,ld,-3,,,,,,,lab,1,,,lab,1,lab,1,,
gravesham,E14000715,0.3898197848847889,lab,5,lab,5,,,,,lab,5,,,lab,5,lab,5,lab,5
great-grimsby,E14000716,0.5207905182849581,lab,5,lab,5,,,,,lab,5,,,lab,5,lab,5,lab,5
great-yarmouth,E14000717,0.3831604222353101,lab,5,lab,5,,,,,lab,5,,,lab,5,lab,5,lab,5
greenwich-and-woolwich,E14000718,0.7457726057319324,lab,4,,,,,,,lab,4,,,lab,4,lab,4,lab,4
guildford,E14000719,0.44951269163559054,ld,4,ld,4,,,,,ld,4,,,ld,4,ld,4,,
hackney-north-and-stoke-newington,E14000720,0.864826459199261,lab,4,,,,,,,lab,4,,,lab,4,lab,4,lab,4
hackney-south-and-shoreditch,E14000721,0.8791415254543483,lab,4,,,,,,,lab,4,,,lab,4,lab,4,lab,4
halesowen-and-rowley-regis,E14000722,0.400166745532797,lab,5,lab,5,,,,,lab,5,,,lab,5,lab,5,lab,5
halifax,E14000723,0.5505219985085757,lab,5,lab,5,,,,,lab,5,,,lab,5,lab,5,lab,5
haltemprice-and-howden,E14000724,0.3583203732503888,ld,-2,,,,,,,,,,,lab,0,lab,0,,
halton,E14000725,0.7293307484147179,lab,5,lab,5,,,,,lab,5,,,lab,5,lab,5,lab,5
hammersmith,E14000726,0.6923562734440788,lab,4,,,,,,,lab,4,,,lab,4,lab,4,lab,4
hampstead-and-kilburn,E14000727,0.6602633246015033,lab,4,,,,,,,lab,4,,,lab,4,lab,4,lab,4
harborough,E14000728,0.4339039549984375,ld,-2,,,,,,,,,,,lab,0,lab,0,,
harlow,E14000729,0.4051420416536592,lab,6,lab,6,lab,6,,,lab,6,,,lab,6,lab,6,lab,6
harrogate-and-knaresborough,E14000730,0.4353894959464223,ld,4,ld,4,,,,,ld,4,,,ld,4,ld,4,,
harrow-east,E14000731,0.4906087127544498,lab,5,lab,5,,,,,lab,5,,,lab,5,lab,5,lab,5
harrow-west,E14000732,0.633641147850263,lab,5,lab,5,,,,,lab,5,,,lab,5,lab,5,lab,5
hartlepool,E14000733,0.52513445679455,lab,4,,,,,,,lab,4,,,lab,4,lab,4,lab,4
harwich-and-north-essex,E14000734,0.3792260612815549,lab,4,,,,,,,lab,4,,,lab,4,lab,4,lab,4
hastings-and-rye,E14000735,0.496786327283351,lab,4,,,,,,,lab,4,,,lab,4,lab,4,lab,4
havant,E14000736,0.3377596407133912,ld,-3,,,,,,,lab,1,,,lab,1,lab,1,,
hayes-and-harlington,E14000737,0.6651604535375089,lab,4,,,,,,,lab,4,,,lab,4,lab,4,lab,4
hazel-grove,E14000738,0.5340569201486449,ld,5,,,,,,,ld,5,ld,5,ld,5,ld,5,ld,5
hemel-hempstead,E14000739,0.43079836272522093,ld,-3,,,,,,,lab,1,,,lab,1,lab,1,,
hemsworth,E14000740,0.5602472575309072,lab,5,lab,5,,,,,lab,5,,,lab,5,lab,5,lab,5
hendon,E14000741,0.4977688403715407,ld,-5,,,,,,,lab,3,lab,3,lab,3,lab,3,lab,3
henley,E14000742,0.3818630799138339,ld,3,ld,3,,,ld,3,ld,3,,,ld,3,lab,-5,,
hereford-and-south-herefordshire,E14000743,0.3321250297123841,ld,-1,,,,,,,lab,-1,,,ld,-1,lab,-1,,
hertford-and-stortford,E14000744,0.3968529137218296,ld,0,,,,,,,,,,,ld,0,lab,-2,,
hertsmere,E14000745,0.3400953055326967,ld,0,,,,,,,,,,,ld,0,lab,-2,,
hexham,E14000746,0.43912253374870197,ld,-3,,,,,,,lab,1,,,lab,1,lab,1,,
heywood-and-middleton,E14000747,0.5547979544770881,lab,5,lab,5,,,,,lab,5,,,lab,5,lab,5,lab,5
high-peak,E14000748,0.5463391083133716,lab,4,,,,,,,lab,4,,,lab,4,lab,4,lab,4
hitchin-and-harpenden,E14000749,0.454604222309171,ld,2,,,,,ld,2,ld,2,,,ld,2,lab,-4,,
holborn-and-st-pancras,E14000750,0.8024645320948521,lab,4,,,,,,,lab,4,,,lab,4,lab,4,lab,4
hornchurch-and-upminster,E14000751,0.31042911945757873,lab,4,,,,,,,lab,4,,,lab,4,lab,4,lab,4
hornsey-and-wood-green,E14000752,0.8145056426885846,lab,1,,,,,,,lab,1,,,,,,,,
horsham,E14000753,0.3695936244696469,ld,2,ld,2,,,,,ld,2,,,ld,2,lab,-4,,
houghton-and-sunderland-south,E14000754,0.6165139826422372,lab,5,lab,5,,,,,lab,5,,,lab,5,lab,5,lab,5
hove,E14000755,0.6641607056045558,lab,4,,,,,,,lab,4,,,lab,4,lab,4,lab,4
huddersfield,E14000756,0.6620431628416297,lab,5,lab,5,,,,,lab,5,,,lab,5,lab,5,lab,5
huntingdon,E14000757,0.39400535833891487,ld,-2,,,,,,,,,,,lab,0,lab,0,,
hyndburn,E14000758,0.533604707756294,lab,5,lab,5,,,,,lab,5,,,lab,5,lab,5,lab,5
ilford-north,E14000759,0.5777941482027162,lab,5,lab,5,,,,,lab,5,,,lab,5,lab,5,lab,5
ilford-south,E14000760,0.7583467748929011,lab,3,,,,,,,lab,3,,,lab,3,lab,3,,
inverclyde,S14000038,0.7851533522625535,,,,,,,,,,,,,,,snp,0,,
inverness-nairn-badenoch-and-strathspey,S14000039,0.683149940342039,,,,,,,,,,,,,snp,2,snp,2,snp,2
ipswich,E14000761,0.4969200383284119,lab,5,,,,,,,lab,5,lab,5,lab,5,lab,5,lab,5
isle-of-wight,E14000762,0.440070355402194,green,1,,,,,,,green,1,,,lab,-3,green,1,,
islington-north,E14000763,0.860417273521701,lab,4,,,,,,,lab,4,,,lab,4,lab,4,lab,4
islington-south-and-finsbury,E14000764,0.7741056005327894,lab,4,,,,,,,lab,4,,,lab,4,lab,4,lab,4
islwyn,W07000077,0.6643116393760563,lab,5,lab,5,,,,,lab,5,,,lab,5,lab,5,lab,5
jarrow,E14000765,0.6783116007716803,lab,5,lab,5,,,,,lab,5,,,lab,5,lab,5,lab,5
keighley,E14000766,0.48888115403952515,lab,4,,,,,,,lab,4,,,lab,4,lab,4,lab,4
kenilworth-and-southam,E14000767,0.3738235809902378,ld,1,,,,,,,ld,1,,,ld,1,lab,-3,,
kensington,E14000768,0.5444320914238436,ld,-3,,,,,,,,,,,lab,1,lab,1,lab,1
kettering,E14000769,0.4207756456967048,lab,4,,,,,,,lab,4,,,lab,4,lab,4,lab,4
kilmarnock-and-loudoun,S14000040,0.7332989313896234,,,,,,,,,,,,,snp,1,snp,1,,
kingston-and-surbiton,E14000770,0.595274856058413,ld,5,ld,5,,,,,ld,5,,,ld,5,ld,5,ld,5
kingston-upon-hull-east,E14000771,0.6172007205633496,lab,5,lab,5,,,,,lab,5,,,lab,5,lab,5,lab,5
kingston-upon-hull-north,E14000772,0.6883788588976887,lab,4,,,,,,,lab,4,,,lab,4,lab,4,lab,4
kingston-upon-hull-west-and-hessle,E14000773,0.5945899030811516,lab,5,lab,5,,,,,lab,5,,,lab,5,lab,5,lab,5
kingswood,E14000774,0.4510986643688066,lab,4,,,,,,,lab,4,,,lab,4,lab,4,lab,4
kirkcaldy-and-cowdenbeath,S14000041,0.7553308942913429,,,,,,,,,,,,,,,lab,0,,
knowsley,E14000775,0.8748625705170954,lab,4,,,,,,,lab,4,,,lab,4,lab,4,lab,4
lagan-valley,N06000009,0.22140853848550948,,,,,,,,,,,,,alliance,0,,,,
lanark-and-hamilton-east,S14000042,0.6685555775708342,,,,,,,,,,,,,snp,2,snp,2,snp,2
lancaster-and-fleetwood,E14000776,0.5764856813585857,lab,4,,,,,,,lab,4,,,lab,4,lab,4,lab,4
leeds-central,E14000777,0.7489564323621337,lab,4,,,,,,,lab,4,,,lab,4,lab,4,lab,4
leeds-east,E14000778,0.613595231775295,lab,5,lab,5,,,,,lab,5,,,lab,5,lab,5,lab,5
leeds-north-east,E14000779,0.6677107115228589,lab,4,,,,,,,lab,4,,,lab,4,lab,4,lab,4
leeds-north-west,E14000780,0.790891611035496,,,,,,,,,lab,1,,,,,lab,1,,
leeds-west,E14000781,0.6853347225840063,lab,5,lab,5,,,,,lab,5,,,lab,5,lab,5,lab,5
leicester-east,E14000782,0.7158744086677857,,,,,,,lab,4,lab,4,,,lab,4,lab,4,lab,4
leicester-south,E14000783,0.7843102321990616,lab,4,,,,,,,lab,4,,,lab,4,lab,4,lab,4
leicester-west,E14000784,0.6295318831307315,lab,4,,,,,,,lab,4,,,lab,4,lab,4,lab,4
leigh,E14000785,0.5823697572214874,lab,5,lab,5,,,,,lab,5,,,lab,5,lab,5,lab,5
lewes,E14000786,0.5050930026572188,ld,5,ld,5,,,,,ld,5,,,ld,5,ld,5,ld,5
lewisham-deptford,E14000789,0.8530265640876761,lab,4,,,,,,,lab,4,,,lab,4,lab,4,lab,4
lewisham-east,E14000787,0.723671108662952,lab,4,,,,,,,lab,4,,,lab,4,lab,4,lab,4
lewisham-west-and-penge,E14000788,0.7495300398526206,lab,4,,,,,,,lab,4,,,lab,4,lab,4,lab,4
leyton-and-wanstead,E14000790,0.7915015268663503,lab,4,,,,,,,lab,4,,,lab,4,lab,4,lab,4
lichfield,E14000791,0.36443464614004933,ld,-3,,,,,,,lab,1,,,lab,1,lab,1,,
lincoln,E14000792,0.5052957838991748,lab,4,,,,,,,lab,4,,,lab,4,lab,4,lab,4
linlithgow-and-east-falkirk,S14000043,0.7092202374585517,,,,,,,,,,,,,snp,1,snp,1,,
liverpool-riverside,E14000793,0.9031236984589754,lab,3,,,,,,,,,,,lab,3,lab,3,lab,3
liverpool-walton,E14000794,0.8572884328269782,lab,4,,,,,,,lab,4,,,lab,4,lab,4,lab,4
liverpool-wavertree,E14000795,0.8610219981668195,lab,3,,,,,,,lab,3,,,lab,3,lab,3,,
liverpool-west-derby,E14000796,0.8274693886588579,lab,4,,,,,,,lab,4,,,lab,4,lab,4,lab,4
livingston,S14000044,0.7562327397390726,,,,,,,,,,,,,snp,1,snp,1,,
llanelli,W07000045,0.7168459669823014,lab,4,,,,,,,lab,4,,,lab,4,lab,4,lab,4
loughborough,E14000797,0.455972519760656,lab,4,,,,,,,lab,4,,,lab,4,lab,4,lab,4
louth-and-horncastle,E14000798,0.3047507153550245,lab,4,,,,,,,lab,4,,,lab,4,lab,4,lab,4
ludlow,E14000799,0.3709625775465279,ld,1,,,,,,,ld,1,,,ld,1,lab,-3,,
luton-north,E14000800,0.6384324996782635,lab,4,lab,4,,,,,lab,4,,,lab,4,lab,4,,
luton-south,E14000801,0.6472590119870808,ind,-3,,,,,,,lab,1,,,lab,1,lab,1,,
macclesfield,E14000802,0.452059587161876,ld,-4,,,,,lab,2,lab,2,,,lab,2,lab,2,,
maidenhead,E14000803,0.30565428664640526,ld,3,ld,3,,,,,ld,3,,,ld,3,,,,
maidstone-and-the-weald,E14000804,0.3845544018407874,ld,1,,,,,,,ld,1,,,ld,1,lab,-3,,
makerfield,E14000805,0.6299831674940873,lab,5,lab,5,,,,,lab,5,,,lab,5,lab,5,lab,5
maldon,E14000806,0.2775785825265926,ld,0,,,ld,0,,,,,,,lab,-2,,,,
manchester-central,E14000807,0.8078841512469832,lab,4,,,,,,,lab,4,,,lab,4,lab,4,lab,4
manchester-gorton,E14000808,0.8426000478750026,lab,4,,,,,,,lab,4,,,lab,4,lab,4,lab,4
manchester-withington,E14000809,0.8763292414462147,lab,2,,,,,,,lab,2,,,lab,2,,,,
mansfield,E14000810,0.4453017524971589,lab,5,lab,5,,,,,lab,5,,,lab,5,lab,5,lab,5
meon-valley,E14000811,0.3161536758193091,ld,3,ld,3,,,,,ld,3,,,ld,3,,,,
meriden,E14000812,0.3432095602364438,lab,4,,,,,,,lab,4,,,lab,4,lab,4,lab,4
merthyr-tydfil-and-rhymney,W07000071,0.7747205246683558,lab,5,lab,5,,,,,lab,5,,,lab,5,lab,5,lab,5
mid-bedfordshire,E14000813,0.37275491779910674,ld,-1,,,,,,,ld,-1,,,lab,-1,lab,-1,,
mid-derbyshire,E14000814,0.4140874709654365,lab,3,,,,,,,,,,,lab,3,lab,3,lab,3
middlesbrough,E14000819,0.6567331705811376,lab,5,lab,5,,,,,lab,5,,,lab,5,lab,5,lab,5
middlesbrough-south-and-east-cleveland,E14000820,0.5035069298614028,lab,4,,,,,,,lab,4,,,lab,4,lab,4,lab,4
mid-dorset-and-north-poole,E14000815,0.40761387656981796,ld,4,,,,,,,ld,4,,,ld,4,ld,4,ld,4
midlothian,S14000045,0.7455216133236146,,,,,,,,,,,,,,,lab,0,,
mid-norfolk,E14000816,0.3727096356973485,ld,-3,lab,1,,,,,,,,,lab,1,lab,1,,
mid-sussex,E14000817,0.402956256490135,ld,2,ld,2,,,,,ld,2,,,ld,2,lab,-4,,
mid-ulster,N06000010,0.6662954555189103,,,,,,,,,,,,,sf,1,sf,1,,
mid-worcestershire,E14000818,0.31697798108515307,ld,0,,,,,,,lab,-2,,,ld,0,,,,
milton-keynes-north,E14000821,0.4832457293035479,lab,4,,,,,,,lab,4,,,lab,4,lab,4,lab,4
milton-keynes-south,E14000822,0.4784494778917361,lab,4,,,,,,,lab,4,,,lab,4,lab,4,lab,4
mitcham-and-morden,E14000823,0.7176732200008313,lab,4,,,,,,,lab,4,,,lab,4,lab,4,lab,4
mole-valley,E14000824,0.3575432782145753,ld,4,ld,4,,,,,ld,4,,,ld,4,,,ld,4
monmouth,W07000054,0.43445128081393,lab,4,,,,,,,lab,4,,,lab,4,lab,4,lab,4
montgomeryshire,W07000063,0.46693989854117113,ld,4,,,,,,,ld,4,,,ld,4,ld,4,ld,4
moray,S14000046,0.5201974582501838,,,snp,3,,,,,,,,,snp,3,snp,3,snp,3
morecambe-and-lunesdale,E14000825,0.48345270166677606,lab,4,,,,,,,lab,4,,,lab,4,lab,4,lab,4
morley-and-outwood,E14000826,0.4929044826861738,lab,5,lab,5,,,,,lab,5,,,lab,5,lab,5,lab,5
motherwell-and-wishaw,S14000047,0.7847636311596623,,,,,,,,,,,,,,,snp,0,,
na-h-eileanan-an-iar,S14000027,0.7436226211364556,,,,,,,,,,,,,snp,0,,,,
neath,W07000069,0.7065952722998564,lab,5,lab,5,,,,,lab,5,,,lab,5,lab,5,lab,5
newark,E14000829,0.3475527778787108,ld,-2,,,,,,,,,,,lab,0,lab,0,,
newbury,E14000830,0.38038422981478737,ld,4,ld,4,,,,,ld,4,,,ld,4,,,ld,4
newcastle-under-lyme,E14000834,0.5188631905478764,lab,5,lab,5,,,,,lab,5,,,lab,5,lab,5,lab,5
newcastle-upon-tyne-central,E14000831,0.6977678330727342,lab,4,,,,,,,lab,4,,,lab,4,lab,4,lab,4
newcastle-upon-tyne-east,E14000832,0.7373489924826475,lab,4,,,,,,,lab,4,,,lab,4,lab,4,lab,4
newcastle-upon-tyne-north,E14000833,0.6059890656063618,lab,4,,,,,,,lab,4,,,lab,4,lab,4,lab,4
new-forest-east,E14000827,0.37386598138846705,ld,2,,,,,,,ld,2,,,ld,2,,,,
new-forest-west,E14000828,0.3218812340056824,ld,2,,,,,,,ld,2,,,ld,2,,,,
newport-east,W07000055,0.6151819663226507,lab,5,lab,5,,,,,lab,5,,,lab,5,lab,5,lab,5
newport-west,W07000056,0.5703761683318753,lab,4,,,,,,,lab,4,,,lab,4,lab,4,lab,4
newry-and-armagh,N06000011,0.6714757647585807,,,,,,,,,,,,,sf,1,sf,1,,
newton-abbot,E14000835,0.42752290024594775,ld,2,,,,,ld,2,ld,2,,,ld,2,lab,-4,,
normanton-pontefract-and-castleford,E14000836,0.5949868878453376,lab,5,lab,5,,,,,lab,5,,,lab,5,lab,5,lab,5
northampton-north,E14000861,0.4773143791173411,lab,5,lab,5,,,,,lab,5,,,lab,5,lab,5,lab,5
northampton-south,E14000862,0.4746551640103329,lab,5,lab,5,,,,,lab,5,,,lab,5,lab,5,lab,5
north-antrim,N06000012,0.2718737102765167,,,,,,,,,,,,,alliance,-1,sf,-1,,
north-ayrshire-and-arran,S14000048,0.687601458899922,,,,,,,,,,,,,snp,2,snp,2,snp,2
north-cornwall,E14000837,0.4865342336683418,ld,4,,,,,,,ld,4,,,ld,4,ld,4,ld,4
north-devon,E14000838,0.5070999012655957,ld,5,,,,,,,ld,5,ld,5,ld,5,ld,5,ld,5
north-dorset,E14000839,0.35092599239107036,ld,2,,,,,,,ld,2,,,ld,2,,,,
north-down,N06000013,0.1579175704989154,,,,,,,,,alliance,1,,,alliance,1,,,,
north-durham,E14000840,0.6445337769152574,lab,5,lab,5,,,,,lab,5,,,lab,5,lab,5,lab,5
north-east-bedfordshire,E14000841,0.3421052631578948,ld,-2,,,,,,,,,,,lab,0,lab,0,,
north-east-cambridgeshire,E14000842,0.290012011110277,ld,-3,,,,,,,lab,1,,,lab,1,lab,1,,
north-east-derbyshire,E14000843,0.4627431520444621,lab,5,lab,5,,,,,lab,5,,,lab,5,lab,5,lab,5
north-east-fife,S14000049,0.7534312084548802,,,,,,,,,,,,,,,snp,0,,
north-east-hampshire,E14000844,0.3200756589792979,ld,3,ld,3,,,,,ld,3,,,ld,3,,,,
north-east-hertfordshire,E14000845,0.4136919755307664,ld,0,,,,,,,,,,,ld,0,lab,-2,,
north-east-somerset,E14000846,0.4526580685750236,ld,-1,,,,,ld,-1,,,,,lab,-1,lab,-1,,
north-herefordshire,E14000847,0.3615202184267692,ld,2,,,,,,,ld,2,,,ld,2,,,,
north-norfolk,E14000848,0.5832758488541427,ld,5,ld,5,,,,,ld,5,,,ld,5,ld,5,ld,5
north-shropshire,E14000849,0.3949171747693303,lab,4,,,,,,,lab,4,,,lab,4,lab,4,lab,4
north-somerset,E14000850,0.3945543117075846,ld,1,,,,,,,ld,1,,,ld,1,lab,-3,,
north-swindon,E14000851,0.41991586385241575,lab,4,,,,,,,lab,4,,,lab,4,lab,4,lab,4
north-thanet,E14000852,0.3727056389032592,lab,4,lab,4,,,,,,,,,lab,4,lab,4,lab,4
north-tyneside,E14000853,0.673514221845371,lab,5,lab,5,,,,,lab,5,,,lab,5,lab,5,lab,5
north-warwickshire,E14000854,0.4107422951375642,lab,5,lab,5,,,,,lab,5,,,lab,5,lab,5,lab,5
north-west-cambridgeshire,E14000855,0.3545654857714366,ld,-2,,,,,,,,,,,lab,0,lab,0,,
north-west-durham,E14000856,0.5992651663813618,lab,5,lab,5,,,,,lab,5,,,lab,5,lab,5,lab,5
north-west-hampshire,E14000857,0.3544885319539917,ld,1,,,,,,,ld,1,,,ld,1,lab,-3,,
north-west-leicestershire,E14000858,0.418146840738873,lab,3,,,,,,,,,,,lab,3,lab,3,lab,3
north-west-norfolk,E14000859,0.3485484829239311,lab,4,,,,,,,lab,4,,,lab,4,lab,4,lab,4
north-wiltshire,E14000860,0.37353368338733106,ld,4,ld,4,,,,,ld,4,,,ld,4,,,ld,4
norwich-north,E14000863,0.49837672949123,lab,4,,,,,,,lab,4,,,lab,4,lab,4,lab,4
norwich-south,E14000864,0.6940166280496115,lab,4,,,,,,,lab,4,,,lab,4,lab,4,lab,4
nottingham-east,E14000865,0.7400767920258345,lab,2,,,,,,,,,,,lab,2,lab,2,,
nottingham-north,E14000866,0.6019729116104282,lab,4,,,,,,,lab,4,,,lab,4,lab,4,lab,4
nottingham-south,E14000867,0.6560909223129506,lab,4,,,,,,,lab,4,,,lab,4,lab,4,lab,4
nuneaton,E14000868,0.4127900666420648,lab,5,lab,5,,,,,lab,5,,,lab,5,lab,5,lab,5
ochil-and-south-perthshire,S14000050,0.5851979028208536,,,snp,3,,,,,,,,,snp,3,snp,3,snp,3
ogmore,W07000074,0.6994140415009139,lab,5,lab,5,,,,,lab,5,,,lab,5,lab,5,lab,5
old-bexley-and-sidcup,E14000869,0.32577744473585607,lab,4,,,,,,,lab,4,,,lab,4,lab,4,lab,4
oldham-east-and-saddleworth,E14000870,0.5806492761017923,lab,4,,,,,,,lab,4,,,lab,4,lab,4,lab,4
oldham-west-and-royton,E14000871,0.6727090067266532,lab,4,,,,,,,lab,4,,,lab,4,lab,4,lab,4
orkney-and-shetland,S14000051,0.8903638785066804,,,,,,,,,,,,,,,,,,
orpington,E14000872,0.3304730385842532,ld,0,,,,,,,,,,,ld,0,lab,-2,,
oxford-east,E14000873,0.7756976398990649,lab,4,,,,,,,lab,4,,,lab,4,lab,4,lab,4
oxford-west-and-abingdon,E14000874,0.5636287904031989,ld,6,ld,6,,,,,ld,6,ld,6,ld,6,ld,6,ld,6
paisley-and-renfrewshire-north,S14000052,0.7245092781293575,,,,,,,,,,,,,snp,1,snp,1,,
paisley-and-renfrewshire-south,S14000053,0.7842827004219408,,,,,,,,,,,,,snp,1,snp,1,,
pendle,E14000875,0.4826325411334552,lab,5,lab,5,,,,,lab,5,,,lab,5,lab,5,lab,5
penistone-and-stocksbridge,E14000876,0.4991061923795368,lab,4,lab,4,,,,,lab,4,,,lab,4,lab,4,,
penrith-and-the-border,E14000877,0.36234129545943616,ld,-2,,,,,,,,,,,lab,0,lab,0,,
perth-and-north-perthshire,S14000054,0.5772343522561862,,,snp,3,,,,,,,,,snp,3,snp,3,snp,3
peterborough,E14000878,0.5142025220997948,lab,5,lab,5,,,,,lab,5,,,lab,5,lab,5,lab,5
plymouth-moor-view,E14000879,0.4285840103925843,lab,5,lab,5,,,,,lab,5,,,lab,5,lab,5,lab,5
plymouth-sutton-and-devonport,E14000880,0.5570809248554913,lab,4,,,,,,,lab,4,,,lab,4,lab,4,lab,4
pontypridd,W07000075,0.7060710883842182,lab,5,lab,5,,,,,lab,5,,,lab,5,lab,5,lab,5
poole,E14000881,0.40944834503510524,ld,-2,,,,,,,,,,,lab,0,lab,0,,
poplar-and-limehouse,E14000882,0.7399088652361683,lab,4,,,,,,,lab,4,,,lab,4,lab,4,lab,4
portsmouth-north,E14000883,0.39192967591611944,lab,4,,,,,,,lab,4,,,lab,4,lab,4,lab,4
portsmouth-south,E14000884,0.5831575640622896,lab,1,,,,,,,,,,,,,lab,1,,
preseli-pembrokeshire,W07000065,0.516742896414437,lab,4,,,,,,,lab,4,,,lab,4,lab,4,lab,4
preston,E14000885,0.7139365676882883,lab,4,,,,,,,lab,4,,,lab,4,lab,4,lab,4
pudsey,E14000886,0.5000092662947794,lab,4,,,,,,,lab,4,,,lab,4,lab,4,lab,4
putney,E14000887,0.547618032157632,ld,-2,,,,,,,,,,,lab,0,lab,0,,
rayleigh-and-wickford,E14000888,0.2715145599479421,ld,-1,,,,,,,,,,,lab,-1,,,,
reading-east,E14000889,0.551631123501937,lab,4,,,,,,,lab,4,,,lab,4,lab,4,lab,4
reading-west,E14000890,0.4921376965575861,lab,4,,,,,,,lab,4,,,lab,4,lab,4,lab,4
redcar,E14000891,0.6219924812030075,lab,5,lab,5,,,,,lab,5,,,lab,5,lab,5,lab,5
redditch,E14000892,0.4358339048293255,lab,5,lab,5,,,,,lab,5,,,lab,5,lab,5,lab,5
reigate,E14000893,0.3973208479646247,ld,1,,,,,,,ld,1,,,ld,1,lab,-3,,
rhondda,W07000052,0.8636750060723828,lab,2,,,,,,,lab,2,,,lab,2,,,,
ribble-valley,E14000894,0.42175724637681156,lab,4,,,,,,,lab,4,,,lab,4,lab,4,lab,4
richmond-park,E14000896,0.5418600978998894,ld,6,ld,6,,,,,ld,6,ld,6,ld,6,ld,6,ld,6
richmond-(yorks),E14000895,0.32359286478522453,ld,-2,lab,0,,,,,,,,,lab,0,,,,
rochdale,E14000897,0.6606586204140356,lab,4,,,,,,,lab,4,,,lab,4,lab,4,lab,4
rochester-and-strood,E14000898,0.3825810411203482,lab,5,lab,5,,,,,lab,5,,,lab,5,lab,5,lab,5
rochford-and-southend-east,E14000899,0.3964188960379275,lab,6,lab,6,lab,6,,,lab,6,,,lab,6,lab,6,lab,6
romford,E14000900,0.34254364888675315,lab,5,lab,5,,,,,lab,5,,,lab,5,lab,5,lab,5
romsey-and-southampton-north,E14000901,0.40368656240025536,ld,5,ld,5,,,,,ld,5,,,ld,5,ld,5,ld,5
rossendale-and-darwen,E14000902,0.4751774463673339,lab,5,lab,5,,,,,lab,5,,,lab,5,lab,5,lab,5
ross-skye-and-lochaber,S14000055,0.7337858220211161,,,snp,3,,,,,,,,,snp,3,snp,3,snp,3
rotherham,E14000904,0.6106584394694513,lab,5,lab,5,,,,,lab,5,,,lab,5,lab,5,lab,5
rother-valley,E14000903,0.5046880051729713,lab,5,lab,5,,,,,lab,5,,,lab,5,lab,5,lab,5
rugby,E14000905,0.4385031946392395,lab,4,,,,,,,lab,4,,,lab,4,lab,4,lab,4
ruislip-northwood-and-pinner,E14000906,0.4056798171668352,ld,-2,,,,,,,,,,,lab,0,lab,0,,
runnymede-and-weybridge,E14000907,0.3584258559553567,ld,1,,,,,,,ld,1,,,ld,1,lab,-3,,
rushcliffe,E14000908,0.456140350877193,ld,-4,,,,,lab,2,lab,2,,,lab,2,lab,2,,
rutherglen-and-hamilton-west,S14000056,0.7881545840540966,,,,,,,,,,,,,,,lab,0,,
rutland-and-melton,E14000909,0.3392624502770588,ld,-1,,,,,,,,,,,lab,-1,,,,
saffron-walden,E14000910,0.3479010359376795,ld,4,ld,4,ld,4,,,ld,4,,,ld,4,,,,
salford-and-eccles,E14000911,0.6815346815346814,lab,5,lab,5,,,,,lab,5,,,lab,5,lab,5,lab,5
salisbury,E14000912,0.3892817617377277,ld,1,,,,,,,ld,1,,,ld,1,lab,-3,,
scarborough-and-whitby,E14000913,0.4424270054906936,lab,5,lab,5,,,,,lab,5,,,lab,5,lab,5,lab,5
scunthorpe,E14000914,0.5202726232525745,lab,5,lab,5,,,,,lab,5,,,lab,5,lab,5,lab,5
sedgefield,E14000915,0.5338174124209565,lab,5,lab,5,,,,,lab,5,,,lab,5,lab,5,lab,5
sefton-central,E14000916,0.6569058545670999,lab,4,,,,,,,lab,4,,,lab,4,lab,4,lab,4
selby-and-ainsty,E14000917,0.38237392110706897,lab,4,,,,,,,lab,4,,,lab,4,lab,4,lab,4
sevenoaks,E14000918,0.32566675778046783,ld,2,,,,,,,ld,2,,,ld,2,,,,
sheffield-brightside-and-hillsborough,E14000921,0.6986864103176498,lab,4,,,,,,,lab,4,,,lab,4,lab,4,lab,4
sheffield-central,E14000919,0.8412390082920819,lab,4,,,,,,,lab,4,,,lab,4,lab,4,lab,4
sheffield-hallam,E14000922,0.7302174675552437,ld,0,,,,,,,ld,0,,,,,lab,-2,,
sheffield-heeley,E14000923,0.6667797223352779,lab,4,,,,,,,lab,4,,,lab,4,lab,4,lab,4
sheffield-south-east,E14000920,0.618221855216075,lab,5,lab,5,,,,,lab,5,,,lab,5,lab,5,lab,5
sherwood,E14000924,0.43862903830297584,lab,5,lab,5,,,,,lab,5,,,lab,5,lab,5,lab,5
shipley,E14000925,0.467047476355464,lab,4,,,,,,,lab,4,,,lab,4,lab,4,lab,4
shrewsbury-and-atcham,E14000926,0.45873924024534807,lab,4,,,,,,,lab,4,,,lab,4,lab,4,lab,4
sittingbourne-and-sheppey,E14000927,0.33260036194516335,lab,4,,,,,,,lab,4,,,lab,4,lab,4,lab,4
skipton-and-ripon,E14000928,0.3470019608517665,ld,-2,,,,,,,,,,,lab,0,lab,0,,
sleaford-and-north-hykeham,E14000929,0.2998616958219979,ld,-2,,,,,,,,,,,lab,0,lab,0,,
slough,E14000930,0.6534303342849249,lab,4,,,,,,,lab,4,,,lab,4,lab,4,lab,4
solihull,E14000931,0.3959963346725876,ld,1,,,,,,,ld,1,,,ld,1,lab,-3,,
somerton-and-frome,E14000932,0.41742315156827153,ld,5,ld,5,,,,,ld,5,,,ld,5,ld,5,ld,5
southampton-itchen,E14000955,0.4951157471731184,lab,4,,,,,,,lab,4,,,lab,4,lab,4,lab,4
southampton-test,E14000956,0.6268468967869858,lab,4,,,,,,,lab,4,,,lab,4,lab,4,lab,4
south-antrim,N06000014,0.3095205003474636,,,,,,,,,other,-1,,,alliance,-1,,,,
south-basildon-and-east-thurrock,E14000933,0.3251485568760611,lab,5,,,lab,5,,,lab,5,,,lab,5,lab,5,lab,5
south-cambridgeshire,E14000934,0.4819943318341445,ld,3,ld,3,,,,,ld,3,,,ld,3,,,,
south-derbyshire,E14000935,0.3953373487108358,lab,5,lab,5,,,,,lab,5,,,lab,5,lab,5,lab,5
south-dorset,E14000936,0.43869687512041,lab,4,,,,,,,lab,4,,,lab,4,lab,4,lab,4
south-down,N06000015,0.7864342836932388,,,,,,,,,,,,,,,,,,
south-east-cambridgeshire,E14000937,0.4666677248341322,ld,3,ld,3,,,ld,3,ld,3,,,ld,3,lab,-5,,
south-east-cornwall,E14000938,0.4458702840823689,ld,2,,,,,ld,2,ld,2,,,ld,2,lab,-4,,
southend-west,E14000957,0.3847343773177089,lab,4,,,,,,,lab,4,,,lab,4,lab,4,lab,4
south-holland-and-the-deepings,E14000939,0.232833151147769,ld,-2,,,,,,,lab,0,,,lab,0,,,,
south-leicestershire,E14000940,0.3275238582441038,ld,-2,,,,,,,,,,,lab,0,lab,0,,
south-norfolk,E14000941,0.4177807596013812,ld,-2,,,,,,,,,,,lab,0,lab,0,,
south-northamptonshire,E14000942,0.3498415335856488,ld,-1,,,,,,,ld,-1,,,lab,-1,lab,-1,,
southport,E14000958,0.5898740512136125,ld,2,,,,,ld,2,ld,2,,,ld,2,lab,-4,,
south-ribble,E14000943,0.4309734836050625,lab,4,,,,,,,lab,4,,,lab,4,lab,4,lab,4
south-shields,E14000944,0.6503237515942313,lab,5,lab,5,,,,,lab,5,,,lab,5,lab,5,lab,5
south-staffordshire,E14000945,0.3023537928740535,lab,2,,,,,,,,,,,lab,2,,,lab,2
south-suffolk,E14000946,0.36797271134876,ld,-2,,,,,,,,,,,lab,0,lab,0,,
south-swindon,E14000947,0.4763706578767725,lab,4,,,,,,,lab,4,,,lab,4,lab,4,lab,4
south-thanet,E14000948,0.4098044339034832,lab,4,,,,,,,lab,4,,,lab,4,lab,4,lab,4
south-west-bedfordshire,E14000949,0.3850633593960636,ld,-3,,,,,,,lab,1,,,lab,1,lab,1,,
south-west-devon,E14000950,0.37238208751915547,ld,-3,,,,,,,lab,1,,,lab,1,lab,1,,
south-west-hertfordshire,E14000951,0.3995185728653158,ind,0,,,,,ind,0,,,,,,,lab,-2,,
south-west-norfolk,E14000952,0.3233173076923076,lab,4,,,,,,,lab,4,,,lab,4,lab,4,lab,4
south-west-surrey,E14000953,0.4247087635689701,ld,2,,,,,,,ld,2,,,ld,2,,,,
south-west-wiltshire,E14000954,0.38939928037844057,ld,0,,,,,,,,,,,ld,0,lab,-2,,
spelthorne,E14000959,0.3816621769929163,ld,-2,,,,,,,,,,,lab,0,lab,0,,
stafford,E14000965,0.4525845466450967,lab,4,,,,,,,lab,4,,,lab,4,lab,4,lab,4
staffordshire-moorlands,E14000966,0.3723435225618632,lab,4,,,,,,,lab,4,,,lab,4,lab,4,lab,4
st-albans,E14000960,0.5543878732587109,ld,6,ld,6,,,,,ld,6,ld,6,ld,6,ld,6,ld,6
stalybridge-and-hyde,E14000967,0.618602350613562,lab,5,lab,5,,,,,lab,5,,,lab,5,lab,5,lab,5
st-austell-and-newquay,E14000961,0.5046115251235889,ld,2,,,,,ld,2,ld,2,,,ld,2,lab,-4,,
stevenage,E14000968,0.4972732985991445,lab,4,,,,,,,lab,4,,,lab,4,lab,4,lab,4
st-helens-north,E14000962,0.6873282625144359,lab,5,lab,5,,,,,lab,5,,,lab,5,lab,5,lab,5
st-helens-south-and-whiston,E14000963,0.7449419506107476,lab,5,lab,5,,,,,lab,5,,,lab,5,lab,5,lab,5
stirling,S14000057,0.6225788151389902,,,snp,3,,,,,,,,,snp,3,snp,3,snp,3
st-ives,E14000964,0.5681880295162612,ld,5,,,,,,,ld,5,ld,5,ld,5,ld,5,ld,5
stockport,E14000969,0.6754284613903332,lab,3,,,,,,,lab,3,,,lab,3,lab,3,,
stockton-north,E14000970,0.5687674053965505,lab,5,lab,5,,,,,lab,5,,,lab,5,lab,5,lab,5
stockton-south,E14000971,0.4849509512485137,lab,5,lab,5,,,,,lab,5,,,lab,5,lab,5,lab,5
stoke-on-trent-central,E14000972,0.5359179363403228,lab,5,lab,5,,,,,lab,5,,,lab,5,lab,5,lab,5
stoke-on-trent-north,E14000973,0.5309912410855311,lab,5,lab,5,,,,,lab,5,,,lab,5,lab,5,lab,5
stoke-on-trent-south,E14000974,0.4746461981290477,lab,5,lab,5,,,,,lab,5,,,lab,5,lab,5,lab,5
stone,E14000975,0.32661096897985287,ld,-2,,,,,,,,,,,lab,0,lab,0,,
stourbridge,E14000976,0.4059615996605494,lab,5,lab,5,,,,,lab,5,,,lab,5,lab,5,lab,5
strangford,N06000016,0.23690933959586047,,,,,,,,,,,,,alliance,1,alliance,1,,
stratford-on-avon,E14000977,0.36241874019278175,ld,3,ld,3,,,,,ld,3,,,ld,3,,,,
streatham,E14000978,0.7799802849717716,lab,3,,,,,,,lab,3,,,lab,3,lab,3,,
stretford-and-urmston,E14000979,0.6678288936263475,lab,4,,,,,,,lab,4,,,lab,4,lab,4,lab,4
stroud,E14000980,0.5244766202833145,lab,5,,,,,,,lab,5,lab,5,lab,5,lab,5,lab,5
suffolk-coastal,E14000981,0.40553431828356934,ld,-2,,,,,,,,,,,lab,0,lab,0,,
sunderland-central,E14000982,0.5948216621223205,lab,5,lab,5,,,,,lab,5,,,lab,5,lab,5,lab,5
surrey-heath,E14000983,0.3580644045519007,ld,2,,,,,,,ld,2,,,ld,2,,,,
sutton-and-cheam,E14000984,0.47204156243986917,ld,5,ld,5,,,,,ld,5,,,ld,5,ld,5,ld,5
sutton-coldfield,E14000985,0.36299141095009274,ld,-3,,,,,,,lab,1,,,lab,1,lab,1,,
swansea-east,W07000048,0.6824995022611565,lab,5,lab,5,,,,,lab,5,,,lab,5,lab,5,lab,5
swansea-west,W07000047,0.6726034011050909,lab,4,,,,,,,lab,4,,,lab,4,lab,4,lab,4
tamworth,E14000986,0.3897686266185524,lab,4,,,,,,,lab,4,,,lab,4,lab,4,lab,4
tatton,E14000987,0.3956348236827103,ld,-2,,,,,,,,,,,lab,0,lab,0,,
taunton-deane,E14000988,0.4303522433508319,ld,5,ld,5,,,,,ld,5,,,ld,5,ld,5,ld,5
telford,E14000989,0.5126661594235331,lab,5,lab,5,,,,,lab,5,,,lab,5,lab,5,lab,5
tewkesbury,E14000990,0.3796459278315619,ld,2,ld,2,,,,,ld,2,,,ld,2,lab,-4,,
the-cotswolds,E14000991,0.3717965897289873,ld,3,ld,3,,,,,ld,3,,,ld,3,,,,
the-wrekin,E14000992,0.3883448094824627,ld,-4,lab,2,,,,,lab,2,,,lab,2,lab,2,,
thirsk-and-malton,E14000993,0.3295249333977007,ld,-2,,,,,,,,,,,lab,0,lab,0,,
thornbury-and-yate,E14000994,0.4349773130795029,ld,5,ld,5,,,,,ld,5,,,ld,5,ld,5,ld,5
thurrock,E14000995,0.3881768504719324,lab,6,lab,6,lab,6,,,lab,6,,,lab,6,lab,6,lab,6
tiverton-and-honiton,E14000996,0.3864740984173657,ld,0,,,,,,,,,,,ld,0,lab,-2,,
tonbridge-and-malling,E14000997,0.3309258966383749,ld,1,,,,,,,,,,,ld,1,,,,
tooting,E14000998,0.6489659796118341,lab,4,,,,,,,lab,4,,,lab,4,lab,4,lab,4
torbay,E14000999,0.43318872865126823,ld,5,ld,5,,,,,ld,5,,,ld,5,ld,5,ld,5
torfaen,W07000053,0.6517213562674022,lab,5,lab,5,,,,,lab,5,,,lab,5,lab,5,lab,5
torridge-and-west-devon,E14001000,0.4215534633490249,ld,1,,,,,,,ld,1,,,ld,1,lab,-3,,
totnes,E14001001,0.4387905311318878,ld,2,,,,,,,ld,2,,,ld,2,,,,
tottenham,E14001002,0.8758183181661565,lab,4,,,,,,,lab,4,,,lab,4,lab,4,lab,4
truro-and-falmouth,E14001003,0.5259943156742634,ld,0,,,,,,,,,,,ld,0,lab,-2,,
tunbridge-wells,E14001004,0.3908391595491524,ld,1,,,,,,,ld,1,,,ld,1,lab,-3,,
twickenham,E14001005,0.6197465681098204,ld,5,ld,5,,,,,ld,5,,,ld,5,ld,5,ld,5
tynemouth,E14001006,0.6000738682331422,lab,4,,,,,,,lab,4,,,lab,4,lab,4,lab,4
upper-bann,N06000017,0.4104920207577354,,,,,,,,,,,,,sf,1,sf,1,,
uxbridge-and-south-ruislip,E14001007,0.4393926414528634,lab,4,,,,,,,lab,4,,,lab,4,lab,4,lab,4
vale-of-clwyd,W07000060,0.5421879846965154,lab,4,,,,,,,lab,4,,,lab,4,lab,4,lab,4
vale-of-glamorgan,W07000078,0.4766744852749544,lab,4,,,,,,,lab,4,,,lab,4,lab,4,lab,4
vauxhall,E14001008,0.8003706260673668,lab,2,,,,,,,lab,2,,,,,lab,2,,
wakefield,E14001009,0.5170253219255034,lab,6,lab,6,,,,,lab,6,lab,6,lab,6,lab,6,lab,6
wallasey,E14001010,0.7145782061092383,lab,5,lab,5,,,,,lab,5,,,lab,5,lab,5,lab,5
walsall-north,E14001011,0.4280917152001679,lab,5,lab,5,,,,,lab,5,,,lab,5,lab,5,lab,5
walsall-south,E14001012,0.5737429660555455,lab,5,lab,5,,,,,lab,5,,,lab,5,lab,5,lab,5
walthamstow,E14001013,0.859252643167231,lab,4,,,,,,,lab,4,,,lab,4,lab,4,lab,4
wansbeck,E14001014,0.6207424506524709,lab,5,lab,5,,,,,lab,5,,,lab,5,lab,5,lab,5
wantage,E14001015,0.4380208169554416,ld,3,ld,3,,,ld,3,ld,3,,,ld,3,lab,-5,,
warley,E14001016,0.6716410485997115,lab,4,,,,,,,lab,4,,,lab,4,lab,4,lab,4
warrington-north,E14001017,0.5887214790691923,lab,5,lab,5,,,,,lab,5,,,lab,5,lab,5,lab,5
warrington-south,E14001018,0.5376723929349141,lab,4,,,,,,,lab,4,,,lab,4,lab,4,lab,4
warwick-and-leamington,E14001019,0.5408380353343816,lab,4,,,,,,,lab,4,,,lab,4,lab,4,lab,4
washington-and-sunderland-west,E14001020,0.6309459259624389,lab,5,lab,5,,,,,lab,5,,,lab,5,lab,5,lab,5
watford,E14001021,0.5114144343968606,ld,-2,,,,,,,,,,,lab,0,lab,0,,
waveney,E14001022,0.39412233739605884,lab,5,lab,5,,,,,lab,5,,,lab,5,lab,5,lab,5
wealden,E14001023,0.3578823762900238,ld,1,,,,,,,ld,1,,,ld,1,lab,-3,,
weaver-vale,E14001024,0.5470728864125818,lab,5,,,,,,,lab,5,lab,5,lab,5,lab,5,lab,5
wellingborough,E14001025,0.3737978963185575,lab,5,lab,5,,,,,lab,5,,,lab,5,lab,5,lab,5
wells,E14001026,0.493647584767352,ld,6,ld,6,,,,,ld,6,ld,6,ld,6,ld,6,ld,6
welwyn-hatfield,E14001027,0.44206390679130625,lab,4,,,,,,,lab,4,,,lab,4,lab,4,lab,4
wentworth-and-dearne,E14001028,0.6872596536737434,lab,5,lab,5,,,,,lab,5,,,lab,5,lab,5,lab,5
west-aberdeenshire-and-kincardine,S14000058,0.5214721549636804,,,snp,2,,,,,,,,,snp,2,snp,2,,
west-bromwich-east,E14001029,0.5796715944549593,lab,5,lab,5,,,,,lab,5,,,lab,5,lab,5,lab,5
west-bromwich-west,E14001030,0.5205574333684269,lab,5,lab,5,,,,,lab,5,,,lab,5,lab,5,lab,5
west-dorset,E14001031,0.4449310379542937,ld,5,ld,5,,,,,ld,5,,,ld,5,ld,5,ld,5
west-dunbartonshire,S14000059,0.8280062609169068,,,,,,,,,,,,,snp,0,,,,
west-ham,E14001032,0.7977037622718587,lab,4,,,,,,,lab,4,,,lab,4,lab,4,lab,4
west-lancashire,E14001033,0.5889058449318796,lab,5,lab,5,,,,,lab,5,,,lab,5,lab,5,lab,5
westminster-north,E14001036,0.6510451553297149,lab,4,,,,,,,lab,4,,,lab,4,lab,4,lab,4
westmorland-and-lonsdale,E14001037,0.5507961382939617,ld,5,ld,5,,,,,ld,5,,,ld,5,ld,5,ld,5
weston-super-mare,E14001038,0.41855889391119383,ld,-2,,,,,,,,,,,lab,0,lab,0,,
west-suffolk,E14001034,0.3240057202489081,lab,4,,,,,,,lab,4,,,lab,4,lab,4,lab,4
west-tyrone,N06000018,0.6598675435772432,,,,,,,,,,,,,sf,1,sf,1,,
west-worcestershire,E14001035,0.35924633882877943,ld,1,,,,,,,ld,1,,,ld,1,lab,-3,,
wigan,E14001039,0.6220815279121619,lab,5,lab,5,,,,,lab,5,,,lab,5,lab,5,lab,5
wimbledon,E14001040,0.5245313045840934,ld,1,,,,,ld,1,ld,1,,,,,lab,-3,,
winchester,E14001041,0.450293932395549,ld,5,ld,5,,,,,ld,5,,,ld,5,ld,5,ld,5
windsor,E14001042,0.35613211921143895,ld,2,,,,,,,ld,2,,,ld,2,,,,
wirral-south,E14001043,0.6016816019471182,lab,4,,,,,,,lab,4,,,lab,4,lab,4,lab,4
wirral-west,E14001044,0.5692930763805146,lab,4,,,,,,,lab,4,,,lab,4,lab,4,lab,4
witham,E14001045,0.3568367823561667,ld,-1,,,ld,-1,,,,,,,lab,-1,lab,-1,,
witney,E14001046,0.41122983242240707,ld,4,ld,4,,,,,ld,4,,,ld,4,ld,4,,
woking,E14001047,0.41432863917749696,ld,3,ld,3,,,ld,3,ld,3,,,ld,3,lab,-5,,
wokingham,E14001048,0.43364047579158993,ld,3,ld,3,,,,,ld,3,,,ld,3,,,,
wolverhampton-north-east,E14001049,0.5281582118987619,lab,5,lab,5,,,,,lab,5,,,lab,5,lab,5,lab,5
wolverhampton-south-east,E14001050,0.5822223446452182,lab,5,lab,5,,,,,lab,5,,,lab,5,lab,5,lab,5
wolverhampton-south-west,E14001051,0.4935294951116989,lab,5,lab,5,,,,,lab,5,,,lab,5,lab,5,lab,5
worcester,E14001052,0.4898780701242635,lab,4,,,,,,,lab,4,,,lab,4,lab,4,lab,4
workington,E14001053,0.5386793358287743,lab,5,lab,5,,,,,lab,5,,,lab,5,lab,5,lab,5
worsley-and-eccles-south,E14001054,0.5944743876254328,lab,5,lab,5,,,,,lab,5,,,lab,5,lab,5,lab,5
worthing-west,E14001055,0.416252316386254,ld,-2,,,,,,,,,,,lab,0,lab,0,,
wrexham,W07000044,0.5634047646187166,lab,4,,,,,,,lab,4,,,lab,4,lab,4,lab,4
wycombe,E14001056,0.4770156842951414,lab,3,,,,,,,lab,3,,,lab,3,lab,3,,
wyre-and-preston-north,E14001057,0.3986817611974319,lab,4,,,,,,,lab,4,,,lab,4,lab,4,lab,4
wyre-forest,E14001058,0.3812513446380723,lab,3,,,,,,,,,,,lab,3,lab,3,lab,3
wythenshawe-and-sale-east,E14001059,0.6549971644200148,lab,4,,,,,,,lab,4,,,lab,4,lab,4,lab,4
yeovil,E14001060,0.421924449532018,ld,4,,,,,,,ld,4,,,ld,4,ld,4,ld,4
ynys-mon,W07000041,0.6925897182005514,lab,2,,,,,,,plaid,-4,,,lab,2,lab,2,lab,2
york-central,E14001061,0.6982557263411694,lab,4,,,,,,,lab,4,,,lab,4,lab,4,lab,4
york-outer,E14001062,0.4697616103923242,ld,-2,,,,,,,,,,,lab,0,lab,0,,
